0,47.53167,21.62444,6.0,15.9,37.1,-11.0,1014.9,99.1,2.4,1.9,10.0,29.0,1.1,3.7,26.9
0,47.68333,17.63512,2.0,4.6,46.2,-7.4,1017.3,0.2,2.5,11.3,11.0,50.0,1.4,3.8,22.1
0,46.253,20.14824,7.0,9.4,42.2,-7.0,1017.2,0.1,3.5,4.3,11.0,41.0,5.0,7.3,18.8
0,46.0725,18.23083,5.0,11.8,40.2,-9.1,1002.9,99.2,3.9,1.9,9.0,22.0,1.4,4.7,23.5
0,46.90618,19.69128,5.1,9.4,44.0,-9.0,1025.0,99.0,2.5,1.8,8.0,20.0,3.0,2.0,31.9
0,48.10306,20.77806,2.0,11.8,45.0,-9.4,1009.6,99.5,1.1,3.3,9.0,29.0,2.4,3.2,24.4
0,47.49835,19.04045,2.5,3.3,40.0,-10.0,1028.1,99.5,4.3,3.9,10.0,35.0,2.8,6.7,25.4
0,31.95522,35.94503,1.5,5.0,76.0,10.0,1018.0,0.4,14.0,28.6,75.0,91.0,3.3,10.6,39.6
0,32.55556,35.85,1.5,1.5,76.0,10.0,1018.0,0.4,14.0,30.4,61.0,91.0,3.5,7.1,39.6
0,32.07275,36.08796,1.5,5.0,76.0,10.0,1018.0,0.4,14.0,95.4,72.0,91.0,2.4,13.0,39.6
0,41.99646,21.43141,2.0,3.1,83.5,3.5,1021.0,99.0,7.0,2.7,16.0,47.0,1.0,4.4,12.0
0,3.8077,103.326,2.5,9.7,88.0,25.0,1010.0,0.4,27.0,4.0,22.0,30.0,2.0,4.1,10.0
0,4.39928,113.99163,2.5,9.7,88.0,25.0,1010.0,0.4,26.0,4.0,22.0,55.0,2.0,4.1,10.0
0,5.41123,100.33543,2.3,8.2,81.0,25.0,1009.0,0.8,29.0,4.0,22.0,30.0,2.0,4.1,10.0
0,3.03667,101.44333,1.5,4.0,82.2,25.0,1009.0,0.1,28.0,4.0,22.0,30.0,2.0,4.1,10.0
0,2.196,102.2405,1.5,9.2,83.0,24.0,1010.0,0.1,27.0,4.0,22.0,30.0,2.0,4.1,10.0
0,4.85,100.73333,1.5,8.2,64.0,26.0,1008.4,0.8,32.9,4.0,22.0,30.0,2.0,4.1,10.0
0,6.12104,100.36014,2.5,10.8,74.0,25.0,1009.0,0.8,30.0,4.0,22.0,30.0,2.0,4.1,10.0
0,6.12361,102.24333,4.1,10.8,83.0,25.0,1010.0,0.8,28.0,4.0,22.0,30.0,2.0,4.1,10.0
0,1.55,110.33333,2.8,9.7,85.5,26.0,1010.0,0.4,28.0,4.0,22.0,55.0,2.0,4.1,10.0
0,2.7297,101.9381,2.0,4.0,80.5,24.0,1009.0,0.1,27.5,4.0,22.0,30.0,2.0,4.1,10.0
0,4.5841,101.0829,1.5,8.2,63.1,24.0,1008.9,0.8,32.9,4.0,22.0,30.0,2.0,4.1,10.0
0,1.4655,103.7578,3.6,2.0,78.0,24.0,1009.0,0.1,28.0,4.0,22.0,30.0,2.0,4.1,10.0
0,3.1412,101.68653,1.8,4.0,81.7,24.0,1009.0,0.1,27.6,4.0,22.0,30.0,2.0,4.1,10.0
0,32.08088,34.78057,1.8,2.8,82.0,13.0,1016.5,1.7,17.3,3.4,55.0,65.0,1.4,12.9,22.4
0,32.81841,34.9885,1.4,1.5,91.7,7.5,1014.9,1.7,15.4,3.4,44.0,72.0,0.6,7.1,28.9
0,31.76904,35.21633,1.0,5.0,96.7,13.0,1011.0,1.7,12.7,4.5,63.0,91.0,0.3,14.1,39.6
0,31.79213,34.64966,1.5,2.0,63.4,13.0,1041.2,1.7,16.1,32.3,9.0,64.0,0.3,5.6,26.3
0,32.33291,34.85992,1.7,2.6,87.8,13.0,1016.0,1.7,16.8,171.7,9.0,63.0,0.3,8.9,22.7
0,31.66926,34.57149,2.0,2.0,92.9,13.0,1041.2,1.7,16.8,101.7,3.0,60.0,0.3,3.9,28.3
0,32.08707,34.88747,1.8,4.3,79.5,13.0,1016.0,1.7,15.9,70.0,3.0,63.0,0.9,12.3,8.5
0,35.82194,127.14889,3.4,14.4,54.0,-1.0,1013.1,0.2,5.6,5.6,39.0,57.0,4.3,8.4,30.4
0,37.566,126.9784,4.7,10.8,56.0,-7.0,1011.5,0.1,4.5,4.5,37.0,53.0,4.3,13.0,25.6
0,35.10168,129.03004,5.1,11.3,36.0,-7.0,1011.2,13.9,7.3,3.4,35.0,59.0,4.3,7.5,34.4
0,36.59245,127.29223,2.3,12.8,60.0,-3.6,1012.3,7.6,3.7,4.5,43.0,70.0,2.9,10.2,28.9
0,35.53722,129.31667,3.4,11.8,39.0,-7.0,1011.0,0.3,7.7,5.6,32.0,57.0,4.3,9.3,32.8
0,34.76062,127.66215,5.3,11.8,40.0,-1.0,1012.9,5.9,6.9,5.6,34.0,55.0,4.3,6.5,28.9
0,35.15472,126.91556,2.9,11.8,46.0,-1.0,1013.9,7.1,6.2,5.6,49.0,72.0,2.9,9.3,30.4
0,37.43861,127.13778,2.4,1.0,53.0,-7.0,1011.5,0.2,3.6,5.6,34.0,55.0,2.9,9.3,26.4
0,36.34913,127.38493,2.4,12.8,51.0,-2.0,1012.5,8.8,4.7,4.5,38.0,59.0,2.9,7.5,29.6
0,36.02917,129.36481,4.0,12.8,39.0,-7.0,1010.6,21.0,6.6,5.6,42.0,63.0,5.8,7.5,35.2
0,35.22806,128.68111,2.0,11.3,33.0,-7.0,1011.9,11.4,5.8,4.5,30.0,53.0,4.3,7.5,36.1
0,37.29111,127.00889,4.1,10.8,66.0,-6.0,1011.6,0.1,3.5,4.5,41.0,55.0,4.3,10.2,28.9
0,36.63722,127.48972,2.3,12.8,45.0,-2.0,1012.1,8.4,4.3,4.5,46.0,76.0,4.3,12.1,29.6
0,37.87472,127.73417,2.1,1.0,57.0,-6.0,1010.6,0.7,3.9,4.5,39.0,63.0,2.9,6.5,31.2
0,35.87028,128.59111,4.0,13.8,45.0,-7.0,1011.6,10.0,5.8,3.4,33.0,57.0,4.3,7.5,30.4
0,33.50972,126.52194,6.1,14.4,54.0,0.0,1015.4,21.5,10.7,3.4,56.0,80.0,2.9,7.5,39.2
0,37.45646,126.70515,5.4,16.4,47.0,-7.0,1011.2,0.3,4.8,5.6,34.0,42.0,4.3,9.3,28.9
0,34.9505,127.48784,6.3,11.8,40.0,-1.0,1012.7,5.9,6.7,4.5,34.0,57.0,4.3,5.6,37.6
0,34.81282,126.39181,8.3,14.9,51.0,2.0,1013.4,6.9,6.4,5.6,55.0,65.0,4.3,6.5,30.4
0,36.56636,128.72275,4.5,13.8,52.0,-7.0,1010.9,0.1,3.9,4.5,39.0,61.0,5.8,8.4,35.2
0,-23.17944,-45.88694,2.0,5.2,68.0,18.0,1018.0,0.2,25.0,1.0,16.0,46.0,0.6,4.2,17.1
0,-20.31944,-40.33778,2.6,6.0,83.0,22.0,1016.1,0.2,25.9,1.1,10.3,11.5,11.5,2.6,8.3
0,-23.5475,-46.63611,3.6,4.2,73.0,18.0,1016.0,0.2,23.6,3.7,21.0,55.0,0.6,8.3,19.9
0,12.65,-8,3.0,8.7,12.0,-3.0,1011.5,99.5,30.5,0.1,12.0,152.0,2.1,1.9,33.8
0,48.71395,21.25808,2.5,14.4,48.0,-10.0,1029.0,0.4,0.4,2.6,11.0,30.0,0.6,4.2,24.4
0,48.14816,17.10674,1.2,5.2,48.5,-6.5,1027.0,0.2,3.6,2.1,14.0,53.0,3.1,4.2,22.1
0,9.93333,-84.08333,9.4,18.4,82.1,15.0,1018.3,0.5,19.1,8.8,58.0,13.0,0.6,13.8,22.0
0,-0.22985,-78.52495,1.0,2.7,84.8,13.0,1026.0,0.5,14.5,5.4,13.0,26.0,2.4,6.7,16.7
0,17.96667,102.6,2.0,12.3,65.0,21.0,1013.0,0.6,28.0,0.1,71.0,76.0,0.6,3.5,22.9
0,13.3622,100.98345,1.1,4.0,78.0,23.0,1011.0,2.2,32.9,0.1,32.0,63.0,0.6,4.7,10.7
0,18.79038,98.98468,1.6,0.3,49.7,16.0,1011.5,0.2,29.6,0.1,117.0,220.0,1.1,9.8,20.9
0,13.8196,100.04427,1.6,4.2,85.7,24.9,757.0,1.8,27.5,0.1,38.0,59.0,0.6,2.9,12.3
0,12.68095,101.25798,1.1,4.0,78.0,23.0,760.0,0.2,29.0,0.1,34.0,68.0,1.1,4.1,12.3
0,18.29232,99.49277,1.1,0.3,54.0,14.0,735.0,0.6,27.7,0.1,71.0,156.0,0.6,3.5,22.9
0,13.75398,100.50144,0.7,4.0,83.0,23.5,763.0,0.8,27.0,0.1,31.0,72.0,1.1,9.8,6.4
0,13.59934,100.59675,1.5,4.0,80.0,23.0,757.0,4.0,26.7,0.1,42.0,89.0,2.7,9.3,10.7
0,10.82302,106.62965,4.6,6.6,56.0,20.0,1010.5,0.2,29.0,0.1,34.0,55.0,1.1,4.1,12.3
0,16.4619,107.59546,2.8,13.8,94.0,23.0,1016.0,99.1,25.0,6.0,17.0,26.0,5.0,13.0,6.0
0,21.0245,105.84117,1.8,6.6,77.0,16.0,1017.0,99.1,20.0,0.2,51.0,132.0,5.0,11.0,4.5
0,20.86481,106.68345,1.0,6.6,91.1,18.6,1003.4,99.1,19.6,6.0,39.0,69.0,32.0,24.0,18.0
0,20.95045,107.07336,1.0,6.6,91.1,18.6,1003.4,99.1,19.6,8.0,52.0,85.0,8.0,24.0,9.0
0,-17.3895,-66.1568,2.0,10.2,49.0,9.0,1026.0,99.0,21.0,1.9,26.0,23.0,0.9,16.8,20.7
0,35.17531,33.3642,2.3,17.5,84.5,13.0,1015.0,1.7,16.0,2.1,33.0,67.0,1.5,6.4,13.1
0,34.68406,33.03794,2.5,6.0,82.0,14.0,1015.0,1.7,16.0,0.6,20.0,67.0,0.9,4.4,13.1
0,55.67594,12.56553,6.4,13.6,66.0,1.5,1013.8,99.0,5.6,2.0,16.0,38.0,0.2,3.8,26.9
0,33.6,130.41667,6.0,5.6,42.0,-1.5,1008.5,99.0,10.6,4.5,12.0,46.0,1.5,3.8,39.2
0,36.6,136.61667,5.6,5.1,72.3,-0.6,1002.5,1.3,5.0,3.4,8.0,21.0,1.5,2.8,35.2
0,32.80589,130.69181,4.1,14.5,51.2,-0.5,1009.0,99.0,11.1,2.3,11.0,38.0,1.5,3.8,38.4
0,39.71667,140.11667,3.6,11.8,52.1,-4.0,1004.0,99.0,4.5,2.3,5.0,34.0,1.5,4.7,30.4
0,33.55,133.53333,1.5,11.0,49.0,-1.2,1008.5,99.0,8.8,3.4,7.0,30.0,2.9,3.8,36.1
0,35.42291,136.76039,2.5,1.6,57.3,-2.0,1005.0,99.0,6.4,3.4,7.0,25.0,5.8,2.8,28.9
0,35.02107,135.75385,1.5,2.5,71.2,1.2,1000.8,99.0,6.3,3.4,11.0,38.0,2.9,5.6,28.9
0,34.4,132.45,3.6,5.7,58.1,-1.1,1004.4,99.0,6.9,3.4,10.0,30.0,1.5,4.7,33.6
0,34.98333,138.38333,2.4,2.7,64.2,1.9,1027.8,99.0,11.2,2.3,6.0,25.0,2.9,2.8,28.9
0,35.6,140.11667,2.3,4.9,57.2,0.0,1005.0,99.0,8.4,3.4,8.0,25.0,1.5,6.5,27.2
0,43.06667,141.35,2.0,6.5,50.2,-6.3,1003.6,99.0,1.2,2.3,10.0,42.0,1.5,13.0,24.8
0,35.43333,139.65,3.0,5.5,63.1,1.6,1003.0,99.0,8.6,3.4,7.0,25.0,1.5,6.5,32.0
0,35.6895,139.69171,2.1,4.5,57.3,1.2,1002.8,99.0,8.7,3.4,9.0,34.0,1.5,11.2,28.9
0,35.90807,139.65657,1.3,3.3,53.2,-0.8,1001.0,99.0,8.2,3.4,8.0,30.0,1.5,8.4,26.4
0,26.21667,127.68333,6.1,9.7,48.1,5.0,1017.2,99.0,16.0,4.5,19.0,46.0,1.5,3.8,43.2
0,32.75,129.88333,6.6,14.5,43.3,-0.5,1009.6,99.0,11.8,3.4,15.0,42.0,1.5,2.8,39.2
0,36.7,137.21667,3.0,6.1,86.0,1.6,1004.9,1.5,3.7,4.5,7.0,21.0,1.5,2.8,34.4
0,37.88637,139.00589,2.0,3.9,54.1,-3.0,1006.7,99.0,5.9,2.3,5.0,17.0,1.5,1.9,35.2
0,34.68505,135.80485,3.0,2.5,67.9,1.4,996.2,99.0,6.8,2.3,10.0,30.0,2.9,2.8,31.2
0,34.65,133.93333,3.0,4.6,63.2,0.7,1008.7,99.0,7.1,2.3,10.0,42.0,5.8,5.6,29.6
0,38.26667,140.86667,4.6,15.9,57.3,-3.5,1000.2,99.0,5.7,0.1,7.0,21.0,7.2,4.7,31.2
0,34.69374,135.50218,2.5,2.5,60.1,0.9,999.4,99.0,8.3,2.3,10.0,34.0,1.5,5.6,31.2
0,31.91667,131.41667,5.1,12.8,49.3,-0.4,1010.6,99.0,11.0,2.3,13.0,38.0,2.9,1.9,39.2
0,33.83916,132.76574,3.6,11.0,63.0,0.2,1006.1,0.1,8.8,4.5,9.0,34.0,2.9,3.8,35.2
0,34.23333,135.16667,3.6,2.0,63.2,2.0,1007.1,99.0,8.6,3.4,10.0,30.0,2.9,3.8,32.0
0,34.33333,134.05,4.1,4.6,66.1,1.2,1008.4,99.0,7.3,4.5,10.0,25.0,2.9,3.8,35.2
0,35.18147,136.90641,2.8,1.6,15.0,-0.9,1007.0,99.0,12.2,3.4,9.0,30.0,1.5,4.7,32.0
0,33.23333,131.6,4.6,5.5,48.1,-1.9,1009.6,99.0,10.1,3.4,10.0,38.0,2.9,2.8,38.4
0,34.6913,135.183,4.1,2.0,58.1,1.2,1005.2,99.0,8.0,2.3,10.0,38.0,1.5,5.6,31.2
0,36.65,138.18333,1.5,15.8,68.0,-2.5,955.8,99.0,3.6,3.4,8.0,21.0,1.5,3.8,35.2
0,36.56667,139.88333,2.5,5.5,69.2,-0.1,988.4,99.0,5.7,3.4,8.0,30.0,1.5,5.6,28.1
0,31.56667,130.55,4.6,29.0,56.1,1.7,1010.0,99.0,12.2,2.3,16.0,50.0,1.5,3.8,36.8
0,52.09083,5.12222,2.7,9.8,75.0,6.5,1001.1,6.0,10.9,1.7,12.0,33.0,0.3,5.7,20.4
0,51.8425,5.85278,2.5,5.9,74.6,6.0,1011.8,6.0,10.1,2.2,12.0,27.0,0.3,3.5,22.7
0,52.38084,4.63683,3.8,10.6,85.8,6.5,1010.8,6.0,9.5,2.8,15.0,34.0,0.7,6.7,22.1
0,51.44083,5.47778,4.5,7.8,76.2,6.0,1012.5,6.0,10.0,2.2,12.0,28.0,0.3,2.3,24.8
0,51.9225,4.47917,6.3,14.2,82.4,6.5,1010.8,6.0,10.0,2.8,13.0,36.0,0.8,7.5,21.8
0,52.37403,4.88969,4.2,10.7,86.6,6.5,1012.0,6.0,10.0,3.4,12.0,37.0,0.4,7.1,21.7
0,51.81,4.67361,7.5,13.1,81.5,6.5,1012.1,6.0,10.0,2.8,11.0,39.0,0.8,4.8,22.3
0,51.58656,4.77596,4.5,7.2,79.5,6.5,1012.0,6.0,9.4,2.8,12.0,30.0,0.8,5.8,21.2
0,53.21917,6.56667,3.8,12.2,77.7,6.0,1010.1,6.0,10.1,2.2,12.0,29.0,0.3,2.6,26.7
0,50.84833,5.68889,3.8,4.6,83.7,4.5,1014.0,6.0,8.6,0.1,12.0,25.0,0.1,3.2,25.6
0,52.07667,4.29861,8.2,16.5,81.4,6.5,1010.7,6.0,9.5,2.8,13.0,26.0,0.5,6.7,21.2
0,38.71667,-9.13333,5.1,14.2,72.0,9.0,1016.0,99.5,12.0,4.6,18.0,38.0,0.2,2.8,34.2
0,32.66568,-16.92547,2.2,7.8,72.3,11.0,1021.1,99.5,12.5,0.1,8.0,10.0,1.2,3.1,40.6
0,45.25167,19.83694,0.8,1.4,23.0,-1.0,1009.7,99.1,11.6,6.1,14.0,40.0,2.7,4.0,24.9
0,43.32472,21.90333,2.3,14.0,70.0,0.5,1024.0,99.0,5.5,4.1,25.0,79.0,5.5,6.2,14.0
0,44.80401,20.46513,4.3,15.4,57.5,-1.5,1025.5,99.1,5.0,6.2,15.0,51.0,3.2,4.9,20.8
0,4.60971,-74.08175,1.5,12.3,76.0,12.0,1026.0,0.5,14.8,5.5,23.0,66.0,0.6,6.7,8.4
0,6.25184,-75.56359,1.5,2.8,94.7,13.0,1027.0,0.5,14.0,8.8,58.0,129.0,0.6,13.8,22.0
0,0.31628,32.58219,2.5,11.5,83.0,21.0,1013.5,3.5,23.0,7.0,45.0,151.0,3.0,1.0,30.0
0,47.79941,13.04399,1.8,3.0,41.5,-4.0,1018.5,99.9,8.8,0.1,7.0,23.0,1.6,6.0,15.9
0,48.30639,14.28611,5.6,6.5,34.5,-7.3,1022.5,99.1,6.5,0.1,8.0,23.0,1.6,3.2,15.9
0,47.26266,11.39454,4.1,10.2,56.2,-2.0,1023.0,99.0,6.1,0.1,8.0,23.0,0.6,4.6,15.9
0,48.20849,16.37208,3.0,3.7,42.5,-7.6,1025.6,99.0,5.0,0.1,10.0,34.0,1.1,4.6,22.1
0,47.06667,15.45,2.3,5.2,51.5,-7.3,1025.1,0.2,4.4,0.1,11.0,34.0,0.6,3.7,34.9
0,47.36667,8.55,1.0,2.5,74.4,0.0,1019.0,99.0,5.5,0.1,10.0,3.0,0.7,10.4,12.8
0,36.73225,3.08746,2.5,14.4,90.0,13.0,1016.5,4.0,16.0,3.7,15.0,65.0,1.1,2.8,31.3
0,28.09973,-15.41343,7.5,7.0,67.0,11.0,1018.5,99.5,17.5,0.1,12.0,17.0,2.1,1.9,33.8
0,40.96882,-5.66388,5.1,4.4,77.0,2.0,1013.5,99.5,4.5,0.1,19.0,25.0,1.1,3.2,29.7
0,41.38879,2.15899,2.0,5.5,86.6,10.0,1018.3,4.0,13.3,0.1,19.0,21.0,1.1,6.9,27.3
0,43.31283,-1.97499,4.1,8.6,82.4,5.0,1013.1,99.5,12.4,0.1,13.0,34.0,1.6,4.6,30.1
0,42.84998,-2.67268,1.2,0.8,93.0,4.5,1014.0,99.5,7.0,0.1,12.0,38.0,0.6,4.6,33.8
0,37.89155,-4.77275,1.2,2.8,71.5,10.5,1016.0,99.5,13.5,2.2,23.0,38.0,1.0,3.6,27.1
0,41.65518,-4.72372,2.0,7.2,66.4,2.0,1013.3,99.5,7.7,0.1,11.0,46.0,2.6,4.2,22.0
0,43.46472,-3.80444,4.3,9.7,87.9,8.0,1014.0,99.5,9.5,0.1,22.0,42.0,2.1,3.2,25.6
0,39.56939,2.65024,1.8,2.8,69.8,10.0,1015.7,4.0,13.8,3.7,15.0,25.0,1.1,2.8,31.3
0,36.72016,-4.42034,1.0,2.1,89.7,12.5,1017.2,99.5,13.0,3.7,22.0,38.0,3.1,5.6,23.2
0,41.65606,-0.87734,3.0,8.7,82.0,5.0,1016.0,99.5,11.6,1.8,12.0,30.0,1.8,6.5,16.9
0,37.38283,-5.97317,2.3,5.5,78.3,12.0,1014.8,99.5,16.1,3.3,20.0,38.0,2.0,4.0,26.6
0,43.26271,-2.92528,2.9,1.0,81.0,8.0,1000.1,99.5,10.6,0.1,14.0,42.0,2.6,4.2,26.0
0,42.81687,-1.64323,1.5,6.5,86.0,5.0,1013.2,99.5,8.5,0.1,11.0,34.0,2.6,6.0,16.7
0,39.98567,-0.04935,0.8,2.0,83.8,11.5,1018.7,99.5,13.8,0.1,10.0,30.0,2.6,3.7,26.9
0,37.26638,-6.94004,2.0,6.4,79.4,12.0,1015.4,99.5,15.7,4.6,26.0,38.0,2.5,3.9,32.1
0,37.18817,-3.60667,0.9,2.3,80.3,12.5,1015.6,99.5,11.0,4.7,36.0,38.0,6.4,7.5,3.5
0,40.4165,-3.70256,3.8,8.6,56.3,8.5,1013.4,99.5,13.6,0.1,14.0,38.0,2.6,6.0,23.6
0,39.46975,-0.37739,2.0,5.0,81.6,11.5,1017.5,99.5,15.0,0.1,10.0,38.0,2.6,2.8,24.4
0,42.34106,-3.70184,4.6,6.4,74.0,1.5,1013.0,99.5,6.5,0.1,13.0,223.0,2.6,5.1,33.8
0,37.98704,-1.13004,2.3,6.8,74.0,11.5,1017.4,99.5,15.5,0.1,16.0,38.0,2.1,5.5,28.1
0,28.46824,-16.25462,3.2,8.0,77.7,11.0,1021.2,99.5,14.1,0.1,7.0,13.0,2.1,1.4,32.1
0,43.36029,-5.84476,2.9,5.3,95.3,2.0,1014.2,99.5,7.2,0.1,20.0,50.0,2.1,4.2,22.4
0,41.69411,44.83368,7.9,19.5,56.0,5.0,1014.5,99.0,14.0,2.5,11.0,17.0,2.6,7.4,24.8
0,45.81444,15.97798,0.7,4.7,35.5,-7.3,1025.2,0.2,7.5,0.1,10.0,34.0,0.7,4.4,34.9
0,45.32673,14.44241,4.6,9.2,23.0,-8.0,1024.0,0.2,8.5,0.1,8.0,37.0,2.7,1.2,40.9
0,43.50891,16.43915,5.9,13.8,33.0,-2.5,1019.0,99.2,12.0,4.1,21.0,50.0,4.2,1.1,30.9
0,54.90272,23.90961,3.0,8.5,51.0,-8.5,1026.0,99.0,1.0,3.0,26.0,57.0,1.3,8.5,25.9
0,24.45118,54.39696,4.1,13.3,22.0,2.0,1012.0,99.3,26.0,0.1,88.0,70.0,4.1,27.9,9.4
0,25.07725,55.30927,3.6,12.3,28.0,7.0,1013.0,99.3,26.0,0.1,88.0,55.0,4.1,27.9,4.1
0,43.84864,18.35644,4.0,8.7,56.0,-3.0,947.3,99.0,5.7,2.2,15.0,57.0,14.2,2.3,29.3
0,44.20169,17.90397,3.0,8.7,56.0,-2.5,947.6,99.2,5.8,4.1,21.0,50.0,23.4,7.4,30.9
0,44.53842,18.66709,2.8,8.7,58.0,-2.1,947.6,99.2,5.6,0.1,15.0,44.0,14.2,4.4,14.9
0,12.1084,-68.93354,4.1,11.8,69.0,21.0,1015.0,0.5,27.0,8.8,58.0,5.0,0.6,13.8,22.0
0,55.95206,-3.19648,6.0,14.4,79.4,3.5,993.5,6.0,6.8,0.7,5.0,12.0,2.1,3.2,30.4
0,52.62783,1.29834,1.6,7.2,99.0,9.0,1005.8,6.0,9.6,4.3,7.0,21.0,1.7,5.1,29.1
0,53.41058,-2.97794,5.7,12.3,68.4,5.0,1001.5,6.0,8.5,3.0,10.0,19.0,3.3,1.6,30.9
0,54.59682,-5.92541,6.6,14.4,75.0,3.0,1001.5,6.0,7.0,2.3,10.0,21.0,0.6,3.8,29.3
0,52.40656,-1.51217,4.0,8.0,91.0,7.5,1004.7,6.0,8.3,3.0,4.0,11.0,1.0,4.8,30.3
0,53.79648,-1.54785,7.9,17.1,84.0,4.5,1001.0,6.0,7.5,3.0,8.0,19.0,1.9,4.8,30.8
0,51.48,-3.18,5.4,10.4,90.8,6.0,1006.4,6.0,7.7,0.5,8.0,13.0,4.2,6.2,28.9
0,51.45523,-2.59665,1.8,6.2,90.6,6.0,1006.4,6.0,7.8,0.5,9.0,25.0,4.2,6.3,29.9
0,51.50853,-0.12574,6.1,13.6,82.3,7.0,1008.0,6.0,9.7,4.3,9.0,22.0,1.8,7.8,24.0
0,52.48142,-1.89983,3.7,9.2,91.3,7.5,1004.7,6.0,7.5,3.0,4.0,10.0,1.0,4.2,29.1
0,53.38297,-1.4659,1.6,8.0,85.9,4.5,1002.0,6.0,7.3,3.0,7.0,19.0,1.9,4.5,29.4
0,51.58774,-2.99835,5.4,10.1,91.2,6.0,1005.8,6.0,7.3,0.5,7.0,13.0,4.2,4.2,32.1
0,52.6386,-1.13169,5.2,11.5,81.0,7.5,1004.3,6.0,7.2,3.0,4.0,12.0,1.7,5.0,26.6
0,53.48095,-2.23743,3.1,7.4,78.1,-0.5,1002.6,6.0,8.6,3.0,10.0,23.0,6.0,4.9,23.3
0,51.45625,-0.97113,2.6,9.0,87.2,3.0,1007.0,6.0,8.8,4.3,8.0,9.0,1.8,4.0,29.3
0,50.37153,-4.14305,5.0,10.1,94.2,6.0,1008.0,6.0,8.2,0.6,11.0,25.0,1.6,4.9,28.7
0,55.86515,-4.25763,7.0,14.8,81.0,4.5,998.0,6.0,7.1,0.7,8.0,17.0,1.8,4.6,28.1
0,53.76282,-2.70452,7.5,12.3,79.2,4.0,1003.0,6.0,7.7,3.0,10.0,22.0,3.3,3.3,30.1
0,51.62079,-3.94323,2.5,9.2,91.0,6.0,1006.8,6.0,7.7,0.6,11.0,25.0,1.6,6.4,28.3
0,51.87967,-0.41748,4.1,9.0,93.0,3.0,1014.0,6.0,6.0,4.3,9.0,22.0,1.8,7.8,24.0
0,51.53782,0.71433,3.5,5.6,82.6,9.0,1008.2,6.0,9.4,4.3,7.0,17.0,1.7,2.1,30.4
0,27.70169,85.3206,1.1,10.8,58.0,8.0,1020.0,0.2,14.5,6.6,37.0,74.0,7.0,9.2,2.8
0,28.26689,83.96851,0.7,10.8,52.0,8.4,923.9,0.2,16.4,6.6,17.0,44.0,7.0,9.2,2.8
0,26.45505,87.27007,1.2,9.2,69.0,12.9,882.9,0.2,15.9,6.6,39.0,83.0,7.0,9.2,2.8
0,18.46633,-66.10572,3.0,9.1,72.3,21.0,1013.4,0.5,23.3,8.8,58.0,48.0,0.6,13.8,22.0
0,55.15402,61.42915,4.6,12.8,86.5,-1.0,729.5,99.0,-0.7,13.6,6.0,26.0,0.9,4.9,18.8
0,56.32867,44.00205,5.1,11.8,92.9,-3.0,742.1,99.1,-1.0,2.4,3.0,13.0,0.9,7.0,13.7
0,59.93863,30.31413,4.1,4.9,47.5,-12.0,1017.5,0.3,-2.0,2.2,2.0,5.0,8.3,7.4,28.0
0,56.01839,92.86717,5.6,13.8,64.5,-2.5,1010.0,99.0,3.0,0.1,12.0,14.0,2.2,2.5,9.5
0,56.49771,84.97437,7.2,13.8,65.9,-1.0,745.1,0.2,3.6,2.6,12.0,47.0,9.8,15.0,9.5
0,55.0415,82.9346,6.6,14.9,79.0,-1.0,749.2,0.2,2.7,2.6,13.0,50.0,9.8,15.0,9.5
0,55.75222,37.61556,3.0,4.8,93.0,4.5,1013.0,99.1,6.5,2.9,34.0,57.0,0.8,11.3,10.7
0,42.67272,21.16688,8.0,14.0,75.1,3.5,1017.3,99.0,3.5,15.8,15.0,55.0,7.8,4.3,25.4
0,50.63373,5.56749,5.1,7.5,64.0,4.5,1013.5,6.0,9.5,0.1,6.0,17.0,1.6,2.8,24.8
0,50.85045,4.34878,4.6,5.9,71.0,6.0,1011.5,6.0,10.0,0.1,10.0,25.0,0.6,3.7,22.8
0,50.41136,4.44448,4.8,8.0,73.5,5.0,1013.0,6.0,8.5,0.1,8.0,21.0,0.6,3.2,21.2
0,51.05,3.71667,6.2,11.9,80.5,6.0,1012.5,6.0,9.6,0.1,14.0,38.0,0.6,5.1,23.6
0,50.4669,4.86746,3.6,8.2,88.1,-7.0,1012.2,6.0,8.3,0.1,5.0,9.0,0.6,4.6,21.6
0,51.22047,4.40026,3.4,9.0,80.3,6.0,1012.6,6.0,10.5,0.1,13.0,34.0,4.1,5.1,25.6
0,42.69751,23.32415,3.0,4.4,72.0,2.0,1020.5,99.0,4.4,0.1,7.0,79.0,3.1,2.6,9.8
0,42.50606,27.46781,6.1,5.2,84.0,3.0,1023.0,0.2,6.0,16.5,19.0,62.0,5.2,4.3,1.5
0,42.15,24.75,4.3,4.4,86.0,3.0,1022.0,99.0,5.0,0.1,9.0,79.0,3.1,4.3,25.2
0,29.33278,48.02861,2.0,13.8,72.0,14.0,1012.0,0.5,20.0,32.0,64.0,144.0,9.0,1.0,12.0
0,38.53575,68.77905,3.6,8.7,29.5,-2.5,1018.0,99.0,13.0,10.0,46.0,55.0,1.0,7.2,10.3
0,60.29414,25.04099,10.0,34.0,62.0,-4.0,1014.5,0.3,2.5,2.2,17.0,14.0,0.7,2.7,30.0
0,60.45148,22.26869,8.2,14.1,70.5,-2.5,1012.0,0.3,3.5,2.2,11.0,13.0,0.7,1.4,29.8
0,65.01236,25.46816,2.5,9.7,86.3,-4.0,1000.0,0.3,-0.5,2.2,5.0,7.0,0.7,2.6,28.7
0,60.16952,24.93545,1.2,5.0,68.6,-4.0,1016.3,0.3,3.1,2.2,15.0,15.0,0.7,3.0,29.8
0,61.49911,23.78712,7.4,12.8,73.5,-4.0,1009.0,0.3,2.0,2.2,10.0,15.0,0.7,1.9,30.0
0,33.34058,44.40088,2.0,14.4,77.0,14.0,1014.0,99.2,18.0,11.0,26.0,104.0,50.0,16.0,12.0
0,-36.84853,174.76349,1.1,4.8,67.9,12.0,1013.4,0.2,19.0,2.6,10.0,23.0,1.0,2.7,7.4
0,-43.53333,172.63333,75.9,14.1,81.5,13.0,1013.9,0.2,15.9,2.6,14.0,22.0,0.3,0.8,7.4
0,-41.28664,174.77557,2.0,4.7,75.4,12.0,1014.6,0.2,15.6,2.6,6.0,29.0,0.3,0.8,7.4
0,-45.87416,170.50361,8.2,11.4,80.4,13.0,1010.4,0.2,13.8,2.6,13.0,22.0,0.3,0.8,7.4
0,-37.78333,175.28333,2.7,4.2,82.4,12.0,1012.3,0.2,15.7,2.6,10.0,23.0,1.0,2.7,7.4
0,-12.04318,-77.02824,3.6,2.7,82.8,20.5,1011.1,0.5,23.6,9.2,25.0,53.0,6.3,4.1,1.0
0,24.8608,67.0104,3.0,9.2,56.0,11.0,1016.0,99.0,20.0,3.6,78.0,152.0,3.9,10.2,11.4
0,34.008,71.57849,2.0,7.0,67.0,10.0,1018.0,99.0,15.0,10.0,46.0,160.0,1.0,7.2,10.3
0,33.72148,73.04329,2.0,7.0,48.5,8.8,960.5,99.0,19.0,10.0,46.0,99.0,1.0,7.2,10.3
0,31.558,74.35071,2.0,12.8,64.0,11.0,1018.0,99.0,18.0,10.0,46.0,152.0,1.0,7.2,10.3
0,-25.77507,29.46482,1.2,4.0,48.0,9.2,850.0,1.2,22.0,3.0,39.0,70.0,5.1,6.4,6.1
0,-25.74486,28.18783,1.0,5.5,58.0,11.0,852.0,1811.2,23.0,3.5,23.0,55.0,1.6,7.4,0.5
0,-33.01529,27.91162,3.7,12.3,89.0,18.0,1012.0,0.2,21.0,15.4,15.0,30.0,11.2,0.5,8.2
0,-26.20227,28.04363,1.4,2.7,50.0,13.0,852.0,0.2,21.0,6.6,29.0,55.0,2.3,5.5,3.7
0,-29.12107,26.214,1.5,15.4,63.0,12.6,1020.0,0.8,19.0,3.4,21.0,21.0,27.9,1.9,7.0
0,-33.92584,18.42322,6.5,21.2,70.0,18.6,1017.0,99.2,20.0,0.4,29.0,30.0,0.6,2.8,0.5
0,-26.67313,27.92615,1.2,2.7,52.4,12.0,852.0,0.4,20.0,3.4,17.0,50.0,1.1,2.8,7.0
0,-29.8579,31.0292,1.1,2.8,87.6,21.1,1015.3,99.2,23.6,3.0,30.0,55.0,2.9,6.6,10.2
0,-26.85213,26.66672,1.0,4.5,67.0,12.2,871.0,3.9,20.0,3.4,12.0,13.0,1.1,1.9,7.0
0,-28.78301,32.03768,2.0,2.8,87.0,21.1,1011.0,99.2,25.0,3.0,23.0,13.0,3.1,2.3,10.2
0,-33.96109,25.61494,3.3,13.8,86.0,17.0,1009.0,1.5,19.0,1.0,15.0,25.0,2.6,2.8,7.8
0,-33.64651,19.44852,2.8,4.0,87.0,15.6,1010.2,99.2,18.0,0.4,20.0,30.0,2.6,4.2,0.5
0,26.22787,50.58565,5.6,13.8,57.0,15.0,1010.0,0.5,24.0,13.0,3.0,97.0,2.0,1.0,12.0
0,47.39484,0.70398,3.6,1.2,76.0,6.5,1012.5,6.0,10.0,0.1,13.0,27.0,0.6,2.8,28.4
0,43.29695,5.38107,2.2,8.0,59.5,3.5,1018.8,4.0,10.6,0.1,14.0,28.0,0.6,6.8,32.1
0,43.83378,4.35962,3.8,6.6,65.0,6.0,1019.0,4.0,11.5,0.1,20.0,30.0,0.6,5.0,28.0
0,47.24878,6.01815,2.0,3.9,67.5,8.0,1019.3,99.0,7.5,0.1,11.0,38.0,1.1,4.1,32.3
0,47.21725,-1.55336,3.6,5.8,81.0,7.0,1012.0,6.0,10.0,0.1,10.0,28.0,0.6,3.5,29.6
0,48.11198,-1.67429,4.8,6.4,76.0,7.0,1012.0,6.0,10.0,0.1,9.0,22.0,0.6,4.2,29.6
0,43.60426,1.44367,9.0,11.6,76.0,4.0,1015.0,4.0,12.5,0.1,15.0,41.0,1.1,3.5,29.0
0,48.68439,6.18496,2.5,4.5,68.0,1.5,1016.5,99.0,7.5,0.1,18.0,34.0,1.1,7.4,17.5
0,45.77969,3.08682,5.9,5.7,59.0,2.5,1014.0,4.0,10.0,0.1,10.0,29.0,0.4,4.3,26.6
0,48.85341,2.3488,1.5,3.0,74.2,6.0,1013.1,6.0,10.5,0.1,15.0,34.0,0.7,11.3,20.1
0,50.63297,3.05858,6.9,11.3,81.3,6.0,1012.9,6.0,8.9,0.1,11.0,38.0,0.6,5.4,18.7
0,47.90289,1.90389,3.6,4.7,81.0,6.0,1012.5,6.0,8.0,0.1,10.0,21.0,0.7,2.2,26.6
0,43.61092,3.87723,5.4,8.7,78.0,9.5,1019.0,4.0,13.0,0.1,17.0,35.0,0.6,4.3,34.6
0,45.74846,4.84671,5.4,10.6,58.0,4.5,1016.5,4.0,11.5,0.1,17.0,47.0,0.4,7.7,27.9
0,49.9,2.3,2.2,7.2,80.0,6.0,1012.0,6.0,7.9,0.1,12.0,34.0,0.4,3.5,20.7
0,47.31667,5.01667,1.8,13.2,71.0,4.5,1016.5,99.0,10.0,0.1,14.0,34.0,1.1,5.6,27.4
0,49.44313,1.09932,4.1,6.3,84.0,6.0,1012.0,6.0,8.0,0.1,11.0,25.0,0.6,6.0,25.2
0,45.17869,5.71479,2.7,7.2,70.0,4.5,1018.6,4.0,7.2,0.1,13.0,35.0,0.3,6.2,21.6
0,43.12442,5.92836,6.9,12.5,67.0,8.0,1020.0,4.0,12.5,0.1,14.0,21.0,0.6,5.0,35.0
0,45.83362,1.24759,4.8,6.5,66.0,3.0,1013.0,6.0,11.0,0.1,10.0,27.0,0.6,8.7,22.8
0,49.18585,-0.35912,4.8,6.3,81.0,6.5,1011.5,6.0,9.0,0.1,10.0,25.0,0.6,2.3,31.3
0,42.69764,2.89541,1.8,6.6,79.0,5.0,1017.7,4.0,12.9,0.1,13.0,21.0,0.6,4.4,30.1
0,44.84044,-0.5805,3.0,6.6,78.0,5.0,1013.0,99.5,11.0,0.1,12.0,42.0,0.6,4.6,22.8
0,43.70313,7.26608,2.5,2.3,73.2,8.0,1020.8,4.0,11.1,0.1,15.0,42.0,0.6,8.6,13.6
0,45.43389,4.39,4.3,7.4,59.0,3.0,1015.5,4.0,10.5,0.1,10.0,23.0,0.4,7.5,22.3
0,49.11911,6.17269,1.1,3.0,79.1,2.5,1015.5,99.0,7.3,0.1,11.0,42.0,1.6,5.1,18.7
0,48.58392,7.74553,1.2,0.9,72.5,2.0,1014.0,99.0,6.6,0.1,20.0,46.0,0.7,12.4,7.8
0,51.1801,71.44598,2.5,15.4,78.0,-15.0,1029.0,99.0,-12.5,13.6,6.0,50.0,0.9,4.9,18.8
0,43.25667,76.92861,2.0,11.8,48.0,-2.0,1020.0,99.0,8.5,10.0,46.0,117.0,1.0,7.2,10.3
0,23.7104,90.40744,3.3,12.8,61.0,17.5,1012.5,0.2,25.0,3.5,47.0,142.0,7.3,11.2,14.4
0,59.43696,24.75353,6.0,14.4,57.0,-5.5,1014.0,0.3,0.0,2.2,7.0,8.0,0.2,1.4,30.5
0,6.93548,79.84868,2.0,15.4,78.0,25.0,1009.0,0.2,29.0,6.5,48.0,95.0,4.4,4.6,16.6
0,-20.88231,55.4504,5.1,3.0,79.0,21.6,1008.7,99.6,25.1,0.1,16.0,20.0,1.4,1.6,10.2
0,37.95,58.38333,3.0,8.2,39.0,6.0,1009.0,99.3,20.0,10.0,46.0,68.0,1.0,28.0,6.0
0,35.46756,-97.51643,5.4,7.4,93.0,6.0,1027.8,0.0,7.0,7.8,6.0,17.0,1.5,4.7,16.8
0,35.7721,-78.63861,1.7,4.5,66.0,4.6,1026.7,0.0,12.0,1.9,13.0,30.0,1.5,1.9,32.0
0,35.14953,-90.04898,4.5,8.8,88.0,5.0,1028.7,0.0,7.2,1.0,8.0,26.0,1.5,11.3,23.3
0,32.29876,-90.18481,2.5,5.5,82.0,13.5,1025.0,0.0,19.0,1.0,8.0,31.0,1.5,11.3,18.4
0,42.35843,-71.05977,4.5,12.0,37.1,-9.0,1030.2,0.0,4.2,1.7,7.0,17.0,1.5,2.8,32.8
0,37.55376,-77.46026,1.7,2.4,76.6,-2.0,1028.5,0.0,7.7,0.1,6.0,22.0,0.2,0.6,15.5
0,45.52345,-122.67621,7.0,8.0,53.0,-3.0,1016.5,0.0,3.6,0.8,7.0,14.0,0.1,1.9,23.3
0,43.6135,-116.20345,2.0,3.4,84.0,3.3,1012.4,0.0,6.3,1.7,7.0,21.0,1.5,2.8,24.1
0,30.26715,-97.74306,2.2,3.2,92.3,19.0,1022.0,0.0,15.5,7.8,6.0,30.0,1.5,4.7,5.6
0,21.30694,-157.85833,3.0,0.5,73.0,20.0,1016.2,0.0,24.0,2.3,7.0,13.0,1.5,2.8,17.6
0,36.74773,-119.77237,4.6,9.0,66.0,5.0,1016.9,0.0,12.7,1.8,9.0,15.0,1.5,2.8,24.1
0,43.0389,-87.90647,2.9,5.2,74.0,-4.0,1036.2,0.0,0.5,2.1,6.0,18.0,1.5,4.1,30.3
0,34.00071,-81.03481,0.3,3.2,75.5,-0.6,1023.6,0.0,15.2,0.4,13.0,63.0,1.5,1.9,24.8
0,41.76371,-72.68509,3.6,2.2,31.0,-9.0,1030.4,0.0,4.0,1.4,7.0,18.0,1.5,1.0,16.3
0,38.89511,-77.03637,1.6,2.8,67.8,1.0,1031.5,0.0,6.0,0.1,6.0,21.0,1.5,3.8,27.2
0,41.85003,-87.65005,3.8,7.7,74.0,-3.0,1034.5,0.0,1.1,2.2,6.0,15.0,0.3,4.1,28.9
0,29.76328,-95.36327,3.0,4.8,86.3,19.0,1022.0,0.0,22.0,7.8,6.0,38.0,1.5,4.7,18.4
0,39.76838,-86.15804,3.0,8.3,77.5,-3.0,1032.0,0.0,1.1,1.4,12.0,39.0,1.5,3.8,24.1
0,33.749,-84.38798,0.5,2.0,86.5,14.0,1023.2,0.0,13.0,2.4,8.0,22.0,0.5,5.6,14.5
0,35.22709,-80.84313,3.0,3.6,75.0,6.0,1023.1,0.0,13.6,0.4,13.0,50.0,1.5,1.9,24.8
0,38.58157,-121.4944,5.5,12.3,90.0,-3.3,1014.8,0.0,9.4,3.4,20.0,9.0,1.5,1.0,28.1
0,37.80437,-122.2708,1.6,5.8,86.0,6.3,1014.0,0.0,9.4,3.4,4.0,13.0,1.5,3.8,32.0
0,41.82399,-71.41283,1.2,5.0,40.0,-9.0,1028.8,0.0,5.5,3.4,7.0,17.0,1.5,7.5,38.4
0,40.56233,-74.13986,1.1,5.2,42.7,-6.0,1030.3,0.0,7.0,2.3,7.0,20.0,1.5,4.7,25.6
0,40.6501,-73.94958,3.5,7.7,42.0,-12.0,1030.8,0.0,7.9,1.8,7.0,17.0,1.5,7.0,21.6
0,39.80172,-89.64371,4.4,7.0,80.0,0.0,1032.8,0.0,3.0,2.2,6.0,30.0,0.3,4.1,27.2
0,40.84985,-73.86641,5.6,6.8,29.0,-8.0,1029.6,0.0,7.0,1.8,7.0,16.0,1.5,7.0,28.9
0,37.33939,-121.89496,2.1,5.1,87.0,6.3,1014.5,0.0,9.3,2.9,4.0,13.0,1.5,3.8,30.4
0,34.05223,-118.24368,1.4,1.6,70.2,6.0,1019.5,0.0,13.5,2.4,10.0,23.0,1.5,6.5,24.1
0,42.33143,-83.04575,6.0,1.0,61.5,-9.0,1036.7,0.0,1.6,4.5,6.0,21.0,7.2,16.7,26.4
0,34.74648,-92.28959,6.1,6.5,81.0,5.0,1029.8,0.0,6.6,1.0,8.0,20.0,1.5,11.3,20.8
0,39.29038,-76.61219,1.6,2.8,67.8,1.0,1031.5,0.0,6.0,0.1,6.0,21.0,1.5,3.8,27.2
0,33.44838,-112.07404,1.3,4.3,55.4,-1.0,1016.1,0.0,17.5,4.9,9.0,23.0,0.1,8.4,17.6
0,41.25626,-95.94043,1.6,3.5,82.0,-6.0,1032.3,0.0,0.3,2.2,8.0,25.0,1.5,6.5,24.1
0,31.75872,-106.48693,1.5,2.9,56.2,-1.0,1015.4,0.0,16.2,1.5,20.0,31.0,1.5,6.5,21.6
0,32.78306,-96.80667,4.9,10.3,92.9,12.0,1024.3,0.0,12.0,7.8,6.0,13.0,1.5,4.7,12.1
0,47.60621,-122.33207,3.6,9.7,53.5,-7.0,1020.5,0.0,3.6,2.2,7.0,17.0,1.5,5.6,26.4
0,40.78343,-73.96625,1.7,5.3,39.0,-7.0,1029.1,0.0,6.2,1.8,7.0,20.0,1.5,6.5,28.1
0,25.77427,-80.19366,2.0,5.7,73.0,18.0,1022.4,0.0,24.0,1.9,15.0,24.0,0.6,2.8,11.8
0,30.33218,-81.65565,1.7,1.8,64.0,16.0,1023.2,0.0,21.8,5.5,20.0,51.0,0.6,2.8,14.7
0,36.17497,-115.13722,3.5,8.1,50.7,4.5,1016.2,0.0,14.0,0.1,8.0,16.0,0.2,3.1,17.1
0,29.42412,-98.49363,3.0,7.7,84.6,19.0,1020.6,0.0,21.0,7.8,6.0,50.0,1.5,4.7,13.6
0,39.95233,-75.16379,1.6,5.2,59.3,-2.6,1030.4,0.0,6.3,2.3,7.0,26.0,1.5,1.9,28.1
0,32.71571,-117.16472,3.0,7.5,85.0,12.0,1008.0,0.0,12.2,4.3,10.0,23.0,1.5,6.5,22.4
0,39.96118,-82.99879,2.8,4.2,74.0,-2.0,1031.1,0.0,1.6,1.2,6.0,26.0,1.5,1.9,26.4
0,44.94441,-93.09327,3.5,6.5,67.5,-6.0,1038.6,0.0,1.0,2.4,9.0,30.0,1.5,6.5,16.8
0,39.73915,-104.9847,3.0,3.3,65.0,0.0,1021.1,0.0,5.0,1.9,18.0,53.0,0.6,4.2,5.7
0,40.76078,-111.89105,5.2,16.0,33.0,-2.6,1002.6,0.0,12.0,0.2,7.0,8.0,1.5,1.0,35.2
0,35.08449,-106.65114,2.0,4.6,43.3,0.0,1022.3,0.0,11.8,1.5,9.0,13.0,1.5,4.7,32.8
0,37.77493,-122.41942,4.6,11.2,77.6,6.3,1014.5,0.0,9.4,2.5,4.0,13.0,1.5,2.8,34.4
0,44.9429,-123.0351,5.8,10.7,65.6,-3.0,1016.2,0.0,3.8,0.8,7.0,14.0,0.1,1.9,23.3
0,43.07305,-89.40123,1.7,4.7,71.0,-6.0,1036.6,0.0,-0.6,2.1,7.0,22.0,0.2,4.1,27.2
0,36.16589,-86.78444,4.3,5.6,93.0,6.0,1024.2,0.0,7.5,2.4,8.0,15.0,0.5,5.6,20.0
0,32.22174,-110.92648,1.7,3.7,47.4,-1.0,1017.0,0.0,15.9,1.8,10.0,13.0,0.2,6.3,21.6
0,40.68149,-73.83652,3.0,10.5,39.5,-13.0,1030.2,0.0,8.5,1.9,7.0,17.0,1.5,5.7,29.6
0,30.43826,-84.28073,1.8,2.0,68.0,14.0,1024.0,0.0,21.0,1.3,20.0,63.0,0.2,2.8,9.4
0,32.72541,-97.32085,4.3,7.2,87.0,9.0,1025.7,0.0,11.0,7.8,6.0,13.0,1.5,4.7,13.6
0,-34.17083,-70.74444,2.5,6.1,40.0,7.0,1015.0,99.0,21.0,2.0,47.0,40.0,1.0,14.0,13.7
0,-40.57395,-73.13348,2.5,10.8,76.0,9.0,1020.0,0.3,13.0,1.6,10.0,27.0,2.5,3.3,10.4
0,-37.46973,-72.35366,3.0,12.8,88.0,10.0,1014.9,0.9,12.7,16.5,29.0,22.0,2.5,3.9,10.4
0,-36.60664,-72.10344,3.6,15.9,51.0,7.0,1016.0,0.9,17.0,16.5,28.0,30.0,2.5,3.9,10.4
0,-22.45667,-68.92371,6.6,16.9,28.0,0.0,1026.0,99.0,18.0,1.9,32.0,23.0,0.9,5.1,10.4
0,-41.4693,-72.94237,3.6,18.0,87.0,9.0,1021.0,0.3,12.3,1.6,10.0,18.0,2.5,3.3,10.4
0,-33.036,-71.62963,2.5,14.4,87.0,13.0,1015.0,99.0,15.0,7.0,35.0,42.0,3.7,4.4,8.1
0,-33.04752,-71.44249,2.5,14.4,87.0,13.0,1015.0,99.0,15.0,7.0,54.0,50.0,3.7,4.4,8.1
0,-33.45694,-70.64827,3.0,6.1,37.0,7.0,1015.0,99.0,21.0,7.0,53.0,53.0,10.3,14.0,21.3
0,-35.4264,-71.65542,2.5,13.3,48.0,7.0,1015.0,99.0,18.0,10.7,29.0,30.0,2.9,3.7,10.3
0,-36.82699,-73.04977,3.0,10.2,67.0,9.0,1016.0,0.9,15.0,16.5,34.0,40.0,2.5,3.9,10.4
0,-38.73965,-72.59842,0.7,7.0,74.2,10.0,1017.0,0.9,12.0,1.6,19.0,40.0,2.5,3.3,10.4
0,5.55602,-0.1969,4.1,8.7,88.0,24.0,1010.0,99.5,27.0,0.1,12.0,68.0,2.1,1.9,33.8
0,14.64072,-90.51327,7.2,12.3,64.0,12.0,1024.0,0.5,18.0,1.4,38.0,46.0,0.4,105.2,13.3
0,22.27832,114.17469,7.0,6.0,56.0,11.0,1019.0,1.2,20.2,7.0,39.0,85.0,2.4,11.4,32.7
0,47.90771,106.88324,2.0,8.7,63.0,-10.0,1015.0,99.0,-3.5,0.2,52.0,95.0,8.4,6.2,9.4
0,16.41639,120.59306,1.0,8.2,79.8,15.7,852.9,99.0,23.4,0.2,13.0,72.0,6.1,5.5,2.9
0,14.6042,120.9822,2.6,5.4,70.0,15.7,1013.3,99.0,27.7,1.6,11.0,72.0,5.1,3.4,18.7
0,8.94917,125.54361,1.0,5.4,77.9,22.7,1013.3,99.1,26.0,425.3,30.0,72.0,0.6,6.4,22.4
0,6.91028,122.07389,1.0,5.4,77.9,22.7,1013.3,99.1,26.0,425.3,30.0,72.0,0.6,6.4,22.4
0,51.77058,19.47395,5.0,10.1,44.1,-9.2,1027.2,0.1,2.2,3.3,21.0,57.0,2.5,5.3,28.0
0,50.01381,20.98698,2.0,4.2,36.0,-11.3,1004.2,99.0,2.0,5.5,17.0,53.0,1.3,4.6,30.2
0,54.35227,18.64912,6.1,13.8,45.5,-7.5,1023.5,99.0,4.0,3.0,13.0,53.0,1.8,2.9,30.1
0,50.25841,19.02754,2.0,3.5,45.6,-10.6,1025.5,99.2,2.1,2.8,19.0,55.0,4.3,6.0,24.7
0,52.40692,16.92993,5.2,12.8,47.8,-7.5,1027.0,99.0,5.2,6.6,16.0,52.0,1.4,3.4,28.9
0,50.09713,18.54179,5.5,6.2,52.4,-6.7,1028.0,0.2,2.5,4.6,33.0,127.0,8.3,7.2,23.6
0,53.42894,14.55302,6.0,6.1,41.0,-6.5,1020.8,99.0,6.7,0.1,12.0,46.0,0.7,2.5,32.0
0,50.87033,20.62752,2.0,10.7,47.8,-9.6,997.8,99.0,-0.6,5.5,28.0,53.0,4.4,4.6,23.1
0,52.22977,21.01178,1.2,1.3,42.0,-9.2,1025.8,99.0,2.5,3.0,16.0,55.0,2.1,8.5,26.7
0,53.1235,18.00762,4.6,7.2,42.5,-7.5,1026.0,99.0,4.0,3.4,21.0,55.0,3.3,5.7,25.6
0,50.32492,18.78576,5.3,8.5,44.2,-10.6,1030.7,99.2,2.2,3.7,31.0,55.0,7.9,8.4,24.5
0,51.1,17.03333,5.1,3.6,43.0,-7.4,1021.0,99.0,3.2,3.8,19.0,64.0,3.8,7.3,25.2
0,52.54682,19.70638,4.0,10.2,49.0,-7.9,1014.3,99.0,1.8,3.4,18.0,61.0,1.8,4.3,26.4
0,50.06143,19.93658,2.8,5.8,51.8,-10.0,1027.0,99.0,0.8,4.8,25.0,62.0,2.3,7.9,27.9
0,39.77667,30.52056,4.1,10.8,75.0,2.0,1014.0,0.3,5.0,4.4,58.0,67.0,2.7,16.0,15.0
0,40.76499,29.92928,3.0,15.4,87.0,6.0,1018.0,99.0,9.0,11.2,45.0,100.0,1.2,5.4,26.8
0,40.19559,29.06013,2.5,12.8,84.0,5.0,1016.0,99.0,7.0,19.7,60.0,109.0,4.7,15.2,16.6
0,39.91987,32.85427,1.5,5.5,48.3,0.9,910.5,99.0,9.4,8.1,54.0,71.0,3.2,24.4,4.0
0,36.98615,35.32531,2.8,4.6,93.0,15.0,1015.0,1.7,17.0,0.3,34.0,100.0,2.7,6.5,13.1
0,38.73222,35.48528,1.8,9.2,76.0,5.0,1014.0,1.7,10.5,7.2,48.0,100.0,1.8,0.1,3.9
0,39.42417,29.98333,4.1,10.8,75.0,2.0,1014.0,0.3,5.0,6.7,58.0,84.0,5.8,19.2,7.9
0,39.64917,27.88611,5.6,16.4,87.0,6.0,1017.0,99.0,9.0,7.2,38.0,67.0,65.4,7.0,19.1
0,40.78056,30.40333,3.0,15.4,87.0,6.0,1018.0,99.0,9.0,16.9,42.0,77.0,21.9,6.1,17.8
0,41.005,39.72694,3.0,10.2,93.0,8.5,1018.0,99.0,10.0,4.9,32.0,80.0,1.3,22.2,28.3
0,36.20655,36.15722,3.6,4.6,82.0,12.0,1015.0,1.7,15.0,0.3,48.0,100.0,6.1,6.5,13.1
0,41.27976,36.3361,1.0,18.0,87.2,7.0,1017.2,99.1,9.0,7.3,54.0,72.0,5.3,41.3,23.2
0,38.41273,27.13838,3.0,16.4,67.0,10.0,1013.0,99.0,14.0,3.8,43.0,67.0,5.0,2.3,19.1
0,37.87135,32.48464,4.1,15.4,62.0,4.0,1014.0,99.0,11.0,10.0,44.0,112.0,4.9,23.7,7.4
0,39.74833,37.01611,4.6,13.8,93.0,4.0,1015.0,0.3,5.0,6.5,54.0,83.0,10.4,28.4,23.2
0,41.01384,28.94966,8.2,14.4,84.0,5.0,1019.0,99.0,9.0,16.5,29.0,62.0,4.5,14.6,12.8
0,37.77417,29.0875,3.6,8.7,71.0,6.0,1014.0,0.4,12.0,6.7,64.0,84.0,4.4,22.3,23.8
0,39.90861,41.27694,1.5,9.7,65.9,0.0,811.1,99.0,5.7,8.7,16.0,105.0,2.1,21.1,23.3
0,34.52813,69.17233,1.5,10.8,31.0,-5.0,1023.0,99.0,8.0,10.0,46.0,159.0,1.0,7.2,10.3
0,43.25011,-79.84963,1.0,4.7,55.3,-9.0,1036.2,0.0,-0.1,2.4,6.0,17.0,6.0,7.2,25.6
0,51.05011,-114.08529,1.3,3.0,67.6,-23.0,1024.9,0.0,-15.4,3.5,7.0,18.0,1.5,7.5,0.1
0,49.8844,-97.14704,13.1,15.0,84.4,-18.0,1008.5,0.0,-9.3,0.3,4.0,14.0,1.5,2.9,6.4
0,44.6464,-63.57291,7.3,15.3,60.9,0.0,1024.5,0.0,-2.0,1.7,7.0,12.0,0.2,2.3,16.3
0,43.42537,-80.5112,2.5,4.2,49.5,-11.0,1035.5,0.0,-1.1,2.4,6.0,21.0,4.9,3.4,28.1
0,53.55014,-113.46871,2.5,4.4,66.0,-23.0,1030.6,0.0,-14.1,5.6,7.0,31.0,2.0,13.9,0.1
0,49.10635,-122.82509,1.5,4.2,35.4,-13.0,1021.9,0.0,1.9,0.1,7.0,20.0,0.2,2.2,13.7
0,43.5789,-79.6583,2.0,4.6,51.0,-11.0,1034.3,0.0,-0.7,2.3,6.0,9.0,0.2,4.4,29.6
0,46.81228,-71.21454,2.5,6.5,53.1,-16.0,1033.5,0.0,-7.4,0.2,7.0,14.0,38.9,9.1,25.5
0,49.24966,-123.11934,1.0,4.0,45.7,-9.0,1023.5,0.0,2.2,0.1,7.0,16.0,0.3,2.2,13.6
0,48.4359,-123.35155,9.2,18.6,39.0,-9.0,1022.1,0.0,3.7,0.1,7.0,17.0,0.4,0.8,15.6
0,45.50884,-73.58781,3.6,9.2,55.3,-14.0,1035.3,0.0,-3.0,0.2,7.0,15.0,5.1,7.4,24.0
0,43.70011,-79.4163,2.5,6.0,49.0,-11.0,1035.7,0.0,0.0,2.0,6.0,13.0,0.2,4.4,28.9
0,45.41117,-75.69812,3.4,9.5,48.0,-14.0,1038.2,0.0,-4.3,0.2,7.0,13.0,0.3,3.0,25.5
0,42.98339,-81.23304,3.3,4.8,58.0,-9.0,1001.6,0.0,-0.7,2.4,6.0,17.0,4.9,2.2,28.1
0,9.53795,-13.67729,3.0,8.7,74.0,24.0,1011.0,99.5,29.0,0.1,12.0,151.0,2.1,1.9,33.8
0,53.33306,-6.24889,4.0,11.2,79.7,3.0,1005.0,6.0,6.1,2.3,7.0,15.0,0.5,3.1,30.3
0,10.51667,76.21667,0.6,15.4,77.5,23.5,1009.0,0.2,29.5,3.5,63.0,48.0,2.9,5.0,17.7
0,28.63576,77.22445,2.3,10.2,68.0,12.5,1016.0,0.7,19.0,7.6,80.0,149.0,5.4,15.9,7.7
0,17.38405,78.45636,1.2,8.0,53.7,19.5,713.0,0.2,29.5,4.0,61.0,86.0,2.6,10.3,9.7
0,28.65195,77.23149,1.1,10.2,69.8,13.0,992.5,0.7,20.5,7.6,80.0,139.0,5.4,15.9,7.7
0,30.73629,76.7884,1.4,10.2,81.1,10.9,737.0,99.8,16.2,3.7,46.0,66.0,6.5,7.2,10.3
0,23.25469,77.40289,0.8,8.2,37.7,5.5,708.2,0.7,31.1,4.5,77.0,80.0,4.1,7.6,7.8
0,21.14631,79.08491,0.5,8.2,52.2,11.0,1013.5,0.7,28.9,6.6,50.0,99.0,2.9,22.6,30.6
0,26.83928,80.92313,0.4,12.8,84.6,17.0,1008.7,0.2,22.0,9.9,17.0,117.0,2.2,8.9,11.7
0,28.66535,77.43915,1.0,10.2,61.7,12.5,742.0,99.0,30.2,14.8,71.0,142.0,6.2,20.7,7.4
0,28.72985,77.78068,0.5,10.2,63.5,12.5,742.0,99.0,26.7,8.6,64.0,95.0,5.5,9.2,5.6
0,23.21667,72.68333,0.8,9.2,28.9,2.0,1014.0,0.7,28.5,3.6,78.0,95.0,3.9,10.2,11.4
0,13.08784,80.27847,2.6,9.0,70.0,22.0,1000.3,0.2,28.3,4.5,41.0,86.0,4.0,4.2,13.8
0,19.99727,73.79096,2.4,8.7,29.6,6.3,1008.2,0.7,22.2,5.7,70.0,105.0,2.4,18.8,31.0
0,12.29791,76.63925,0.9,9.2,33.2,13.0,948.7,0.2,30.0,3.6,44.0,70.0,1.5,8.6,28.2
0,17.68009,83.20161,2.3,8.0,69.7,22.0,750.0,0.2,33.0,7.9,50.0,77.0,2.7,7.1,6.6
0,19.07283,72.88261,1.0,8.7,51.5,12.0,1008.2,0.7,29.5,9.3,102.0,141.0,7.6,17.6,6.9
0,26.91962,75.78781,0.9,9.7,42.1,6.0,735.2,0.7,19.7,7.7,70.0,112.0,6.3,14.9,26.7
0,25.59408,85.13563,0.3,9.2,82.2,20.0,753.5,0.2,24.0,6.6,46.0,101.0,7.0,9.2,2.8
0,29.47091,77.70332,0.5,10.2,59.7,12.0,740.0,99.0,27.9,12.6,75.0,111.0,6.3,6.6,7.6
0,8.4855,76.94924,0.9,15.4,70.2,23.0,745.5,0.2,28.7,6.5,48.0,82.0,4.4,4.6,16.6
0,12.97194,77.59369,1.3,9.2,55.2,17.0,722.0,0.2,25.0,7.2,56.0,96.0,3.9,7.3,18.7
0,25.56892,91.88313,2.1,12.8,59.3,19.5,822.9,0.2,22.5,1.9,56.0,102.0,3.3,1.6,8.4
0,22.56263,88.36304,0.7,12.8,66.2,19.0,1009.7,0.2,24.0,3.5,47.0,75.0,7.3,11.2,14.4
0,32.65246,51.67462,2.0,14.9,57.5,3.0,1017.0,99.3,11.0,54.0,20.0,61.0,20.0,4.0,6.0
0,34.09493,49.69809,2.0,15.9,65.9,3.0,829.6,99.3,9.2,13.0,20.0,29.0,16.0,14.0,6.0
0,35.83266,50.99155,3.0,11.3,37.5,1.0,1013.0,99.3,14.0,22.0,48.0,61.0,20.0,14.0,6.0
0,34.6401,50.8764,4.1,15.4,42.0,3.0,1012.0,99.3,15.0,10.0,20.0,55.0,20.0,4.0,6.0
0,37.55274,45.07605,2.0,8.7,81.0,5.0,1014.0,99.2,7.0,57.0,58.0,45.0,58.0,27.0,24.8
0,31.89722,54.3675,2.0,10.2,36.0,3.5,1015.0,99.3,17.0,14.0,60.0,61.0,26.0,28.0,6.0
0,33.6374,46.4227,2.0,12.8,81.0,7.0,1017.0,99.2,10.0,11.0,26.0,62.0,50.0,16.0,12.0
0,30.28321,57.07879,3.6,14.4,36.5,-1.0,1019.0,99.3,13.0,14.0,60.0,92.0,26.0,28.0,6.0
0,30.44079,48.18428,3.0,13.8,72.0,15.0,1012.0,0.5,20.0,32.0,64.0,85.0,9.0,1.0,12.0
0,38.08,46.2919,2.0,13.8,81.5,6.0,1016.0,99.2,9.0,57.0,22.0,56.0,5.0,15.0,24.8
0,27.1865,56.2808,2.0,11.8,64.0,15.0,1013.0,99.3,23.0,26.0,5.0,145.0,4.1,13.0,4.1
0,35.31495,46.99883,2.0,14.4,78.2,5.7,1015.0,99.2,9.0,15.0,53.0,23.0,18.0,14.0,12.0
0,34.31417,47.065,3.0,12.8,76.0,5.5,1016.0,99.2,9.0,11.0,20.0,62.0,50.0,16.0,12.0
0,33.48778,48.35583,2.0,11.3,93.0,6.0,1017.0,0.5,8.4,10.0,7.0,25.0,9.0,17.0,6.0
0,29.61031,52.53113,2.0,10.2,56.0,4.5,1018.0,99.3,13.0,17.0,31.0,68.0,13.0,14.0,6.0
0,36.67642,48.49628,2.0,16.9,66.0,5.0,1014.0,99.1,11.0,11.0,33.0,58.0,18.0,44.0,12.0
0,36.31559,59.56796,2.5,12.3,31.0,-1.0,1012.0,99.3,18.0,10.0,46.0,105.0,1.0,28.0,6.0
0,35.69439,51.42151,6.5,34.0,36.5,0.0,1013.0,99.3,15.0,23.0,45.0,71.0,18.0,26.0,6.0
0,64.13548,-21.89541,6.1,18.5,67.0,-7.0,1000.0,6.0,-2.0,0.1,7.0,15.0,0.3,2.1,29.3
0,42.87,74.59,2.5,11.8,44.5,-1.0,1017.0,99.0,9.5,10.0,46.0,55.0,1.0,7.2,10.3
0,16.80528,96.15611,2.5,7.7,61.0,20.5,1009.5,0.2,28.5,0.1,117.0,124.0,1.1,9.8,7.4
0,19.60492,-99.06064,2.0,12.3,32.0,4.0,1027.4,99.6,20.5,10.0,37.0,82.0,1.5,23.2,12.8
0,20.66682,-103.39182,2.2,3.0,46.0,10.0,850.4,99.6,23.0,6.0,38.0,60.0,2.5,9.3,21.6
0,18.9261,-99.23075,8.0,25.0,48.0,6.2,1028.6,99.6,18.3,11.9,22.0,25.0,1.6,9.1,33.9
0,19.03793,-98.20346,3.8,5.1,42.0,2.0,1019.1,99.6,20.0,27.2,57.0,65.0,3.0,10.6,31.4
0,19.42847,-99.12766,4.6,25.0,45.0,6.0,1028.7,99.6,18.7,6.2,37.0,65.0,5.8,13.9,18.4
0,19.70078,-101.18443,1.8,4.9,71.2,8.0,1024.2,99.6,17.7,6.6,21.0,42.0,11.5,7.2,16.3
0,20.97537,-89.61696,7.7,10.2,70.6,18.0,1017.7,0.5,26.8,1.4,38.0,58.0,0.4,105.2,13.3
0,22.14982,-100.97916,2.5,18.0,63.0,11.0,1027.0,99.6,18.0,3.2,32.0,815.0,1.9,6.0,14.9
0,28.63528,-106.08889,2.5,2.9,19.0,-13.0,1015.2,0.0,8.0,1.5,20.0,31.0,1.5,6.5,21.6
0,25.67507,-100.31847,2.0,8.0,80.5,19.0,1013.6,99.6,21.9,6.9,37.0,57.0,7.8,3.0,8.8
0,20.11697,-98.73329,4.0,25.0,45.0,6.2,773.6,99.6,17.8,9.0,27.0,44.0,2.5,5.4,22.7
0,21.50951,-104.89569,2.1,3.1,71.6,15.0,1015.4,99.6,20.0,7.0,40.0,46.0,4.3,13.2,9.0
0,19.28786,-99.65324,3.6,28.0,60.0,5.0,1030.4,99.6,15.0,8.0,38.0,76.0,5.6,11.2,25.6
0,21.88234,-102.28259,3.0,8.7,42.0,6.0,1027.0,99.6,19.0,10.5,14.0,42.0,5.0,12.7,3.4
0,17.06542,-96.72365,3.0,5.1,27.0,6.0,1024.0,99.6,25.0,21.2,38.0,70.0,65.5,15.7,13.0
0,44.95,26.01667,3.0,6.4,42.3,-6.6,1005.0,0.1,5.4,16.5,13.0,62.0,2.8,6.4,29.1
0,44.31667,23.8,2.0,3.7,81.7,-0.2,1008.2,99.0,3.8,0.1,12.0,79.0,4.2,6.1,23.9
0,46.56718,26.91384,4.0,13.3,47.8,-10.9,1008.3,99.0,2.9,16.5,3.0,62.0,4.3,5.0,33.7
0,45.1,24.36667,2.0,3.7,56.7,-1.3,997.1,99.2,4.9,0.1,11.0,79.0,8.0,3.0,22.4
0,45.8,24.15,2.0,12.8,58.2,-3.8,972.0,0.1,4.2,0.1,12.0,79.0,1.9,6.5,19.7
0,45.75372,21.22571,4.0,11.8,53.2,-3.0,1014.2,99.0,5.1,4.3,12.0,41.0,4.3,5.2,23.2
0,44.85,24.86667,2.0,3.7,61.2,-4.4,986.8,99.2,3.3,0.1,21.0,79.0,3.2,4.1,18.1
0,46.18333,21.31667,6.0,14.4,51.5,-5.0,1015.1,0.1,4.0,4.3,6.0,41.0,3.4,4.7,29.8
0,46.76667,23.6,2.0,14.9,43.6,-8.7,976.7,99.0,2.4,0.1,8.0,79.0,3.1,9.1,30.1
0,44.43225,26.10626,4.0,14.4,49.5,-7.5,1024.1,0.2,5.5,16.5,18.0,62.0,2.4,4.2,22.3
0,47.65729,23.56808,2.0,12.3,36.9,-9.2,1004.6,0.1,3.4,0.1,9.0,79.0,3.5,3.1,30.1
0,47.0458,21.91833,5.9,9.7,44.0,-7.0,1026.5,99.1,3.0,1.9,9.0,29.0,4.4,4.0,41.1
0,45.43687,28.05028,4.0,13.3,34.4,-11.8,1019.3,99.5,4.9,16.5,8.0,62.0,2.1,2.8,29.8
0,45.64861,25.60613,3.0,8.0,52.3,-6.4,962.1,0.1,2.4,16.5,15.0,62.0,2.5,5.8,11.7
0,47.16667,27.6,4.0,12.6,41.5,-11.6,1026.0,99.8,2.0,16.5,6.0,62.0,1.5,4.9,33.7
0,44.18073,28.63432,4.1,15.9,50.0,-4.5,1024.8,0.2,5.9,16.5,11.0,62.0,2.8,4.3,24.2
0,45.27152,27.97429,7.0,13.3,37.1,-7.4,1025.9,99.2,5.7,16.5,2.0,62.0,2.2,2.0,27.1
0,24.68773,46.72185,4.1,11.8,35.0,7.0,1013.0,0.5,22.0,14.0,39.0,80.0,1.0,5.0,6.0
0,21.49012,39.18624,3.0,16.4,59.0,12.0,1013.0,0.2,23.0,21.0,63.0,80.0,1.0,1.0,10.0
0,18.21639,42.50528,6.1,12.8,77.0,12.0,1022.0,0.2,16.0,7.0,45.0,80.0,3.0,1.0,30.0
0,26.43442,50.10326,4.6,13.8,47.0,13.0,1009.0,0.5,24.0,13.0,3.0,80.0,2.0,1.0,12.0
0,27.52188,41.69073,4.1,10.2,55.0,7.0,1016.0,0.5,16.0,3.0,20.0,80.0,3.0,1.0,42.0
0,26.32599,43.97497,4.6,10.2,63.0,12.0,1014.0,0.5,19.0,13.0,96.0,80.0,2.0,1.0,34.0
0,21.42664,39.82563,3.0,12.8,34.0,-3.0,1018.0,0.2,19.0,9.0,80.0,80.0,6.0,2.0,31.0
0,1.28967,103.85007,4.1,2.0,78.0,24.0,1010.0,0.1,29.0,4.0,22.0,30.0,2.0,4.1,10.0
0,22.7583,121.1444,1.0,10.0,80.0,12.0,1020.1,0.4,16.2,3.8,35.0,53.0,1.5,3.8,32.8
0,24.1469,120.6839,2.0,11.2,59.0,9.0,1019.5,0.4,17.3,4.2,44.0,72.0,2.9,8.4,36.1
0,24.99368,121.29696,2.0,14.0,58.0,8.0,1016.8,0.4,15.1,3.9,49.0,65.0,4.3,11.2,38.4
0,25.04776,121.53185,2.0,14.0,58.0,9.0,1020.2,0.4,16.1,3.8,48.0,65.0,2.9,10.2,40.8
0,24.80361,120.96861,2.0,13.6,56.0,8.5,1016.9,0.4,16.4,3.4,49.0,68.0,2.9,6.5,39.2
0,25.12825,121.7419,2.0,13.6,64.0,9.0,1021.0,0.4,16.1,3.0,46.0,65.0,2.9,3.8,36.1
0,22.99083,120.21333,2.0,10.0,59.0,9.0,1018.0,0.4,19.1,4.2,53.0,80.0,2.9,8.4,39.2
0,23.70944,120.54333,2.0,11.2,62.0,9.0,1019.7,0.4,17.6,3.9,51.0,74.0,4.3,9.3,36.8
0,22.61626,120.31333,2.0,10.0,60.0,10.0,1018.0,0.4,20.1,4.6,44.0,72.0,2.9,10.2,43.2
0,41.26465,69.21627,3.0,8.2,35.5,-4.5,1015.0,99.0,16.0,10.0,46.0,78.0,1.0,7.2,10.3
0,-34.61315,-58.37723,3.0,4.6,78.0,14.7,1016.6,0.2,20.0,2.5,17.0,38.0,0.6,7.8,6.1
0,39.9075,116.39723,2.0,11.8,27.0,-7.5,1018.0,0.3,10.5,2.8,28.0,25.0,1.1,6.0,29.3
0,23.5418,116.36581,1.5,8.7,67.0,12.0,1020.0,99.0,17.0,6.4,53.0,95.0,3.6,8.3,35.4
0,25.03889,102.71833,4.6,13.8,42.0,7.0,1023.0,99.1,17.0,6.4,51.0,89.0,3.1,7.4,40.3
0,30.29365,120.16142,1.5,8.7,54.0,3.5,1021.0,99.0,12.5,5.5,54.0,74.0,3.1,15.6,22.8
0,29.56278,106.55278,2.5,22.6,82.0,11.0,1019.0,99.2,14.0,8.2,61.0,132.0,4.6,17.4,7.0
0,36.06488,120.38042,2.5,12.8,26.0,-6.0,1017.0,99.0,7.0,0.1,60.0,72.0,5.1,13.8,24.8
0,20.04583,110.34167,4.6,13.8,83.0,20.0,1017.0,1.2,22.0,6.5,29.0,57.0,1.6,3.7,31.7
0,43.80096,87.60046,1.5,2.2,48.5,-4.0,1026.0,0.2,6.5,10.9,71.0,127.0,6.6,21.1,19.5
0,47.34088,123.96045,2.0,12.8,39.2,-17.4,1002.2,99.1,-6.3,3.7,23.0,42.0,7.1,3.7,31.7
0,26.58333,106.71667,1.5,14.9,71.0,7.0,1020.0,99.2,12.0,5.5,62.0,112.0,6.1,7.4,33.3
0,22.54554,114.0683,2.5,7.0,59.0,11.5,1019.0,1.2,20.0,6.4,50.0,95.0,3.6,10.6,46.8
0,22.92833,112.03954,1.0,7.3,58.0,11.2,1011.2,1.2,18.9,7.3,46.0,93.0,4.6,8.3,35.0
0,34.03189,113.86299,1.5,11.8,23.0,-9.0,1020.0,0.8,16.0,5.6,60.0,85.0,6.1,16.5,22.4
0,38.46806,106.27306,1.0,6.6,10.1,-17.5,893.4,99.0,10.2,7.3,51.0,85.0,9.2,17.4,22.8
0,41.79222,123.43278,4.6,13.3,37.0,-16.5,1019.0,99.5,0.0,2.8,58.0,38.0,3.1,4.6,25.6
0,29.65,91.1,3.0,12.8,11.0,-18.7,650.4,0.2,1.6,4.6,20.0,30.0,2.6,2.8,37.4
0,31.22222,121.45806,1.6,5.4,36.8,2.0,1016.9,99.0,15.4,5.8,58.0,124.0,4.1,22.9,22.0
0,43.88,125.32278,3.6,11.8,67.0,-11.0,1017.0,99.5,-6.0,4.7,27.0,50.0,2.6,4.6,30.5
0,23.02677,113.13148,1.7,7.3,62.4,8.0,1019.5,1.2,20.5,7.3,54.0,97.0,3.1,13.3,43.5
0,22.81667,108.31667,1.5,6.6,60.0,12.0,1019.0,0.2,19.0,8.2,63.0,134.0,5.6,12.4,25.6
0,41.88669,123.94363,4.6,13.3,37.0,-16.5,1019.0,99.5,0.0,2.8,61.0,53.0,5.1,2.8,27.3
0,31.86389,117.28083,3.6,10.8,42.0,2.0,1020.0,0.4,14.0,3.7,62.0,78.0,3.6,19.2,24.8
0,30.66667,104.06667,1.5,12.8,58.0,7.0,1019.0,99.0,14.0,7.2,84.0,151.0,4.6,26.1,11.8
0,40.81056,111.65222,2.5,11.8,29.0,-11.0,1020.0,99.9,2.0,7.3,40.0,85.0,8.7,9.6,22.8
0,39.93167,119.58833,2.0,2.0,42.1,-7.9,988.0,99.4,4.5,0.1,35.0,46.0,4.1,2.8,30.9
0,38.04139,114.47861,2.5,11.8,23.0,-6.0,1018.0,99.9,13.0,0.1,42.0,53.0,5.1,9.6,25.2
0,23.36814,116.71479,1.5,8.7,67.0,12.0,1020.0,2.9,17.0,6.4,42.0,85.0,4.6,7.4,41.9
0,34.75778,113.64861,1.5,11.8,20.0,-9.0,1020.0,99.1,16.0,5.3,53.0,68.0,6.1,13.8,31.3
0,32.06167,118.77778,2.5,9.7,50.0,2.0,1020.0,0.4,14.0,7.3,62.0,87.0,4.1,22.9,28.9
0,36.62554,101.75739,1.0,6.6,35.0,-14.3,759.7,0.3,-0.7,8.2,73.0,114.0,7.6,13.3,25.2
0,34.25833,108.92861,1.5,9.7,37.0,-3.0,1022.0,0.7,11.0,4.6,70.0,95.0,5.1,27.9,14.3
0,27.83333,113.15,1.5,13.8,55.0,6.0,1020.0,99.5,18.0,5.5,70.0,104.0,4.1,16.5,19.5
0,30.58333,114.26667,0.5,12.8,62.0,5.0,1020.0,99.2,16.0,5.4,64.0,87.0,3.6,7.8,35.0
0,39.14222,117.17667,5.1,13.8,30.5,-5.5,1019.0,0.3,10.0,4.6,50.0,57.0,3.1,11.9,29.3
0,31.77359,119.95401,1.5,9.7,50.0,2.0,1020.0,99.0,13.0,6.4,65.0,109.0,5.1,16.5,28.9
0,28.68396,115.85306,1.0,12.8,40.2,2.4,1014.5,0.3,11.5,4.6,75.0,97.0,5.1,26.6,15.5
0,32.6475,110.77806,0.8,1.8,64.7,-3.0,1017.8,0.7,13.5,11.8,49.0,65.0,3.1,6.0,14.3
0,35.19033,113.80151,1.5,11.8,20.0,-9.0,1020.0,99.1,16.0,5.9,50.0,74.0,11.2,16.0,22.0
0,31.30408,120.59538,2.0,5.4,41.0,2.0,1019.5,99.0,14.5,5.5,60.0,95.0,3.6,13.3,28.9
0,45.75,126.65,6.6,12.8,78.9,-11.0,1017.0,0.3,-7.0,3.8,19.0,46.0,6.1,5.1,30.9
0,36.05701,103.83987,1.5,6.6,33.0,-13.0,1021.0,0.6,2.0,10.0,73.0,107.0,5.6,28.4,12.6
0,36.66833,116.99722,2.0,13.8,30.0,-7.4,997.3,99.3,10.1,0.1,62.0,72.0,7.1,17.0,24.0
0,28.19874,112.97087,1.5,13.8,55.0,6.0,1020.0,99.5,18.0,6.4,70.0,114.0,4.1,19.2,18.7
0,47.35118,130.30012,3.0,12.8,38.0,-15.2,1005.8,99.0,-4.6,4.6,32.0,76.0,4.1,2.8,32.9
0,36.096,114.38278,2.0,11.8,23.0,-10.2,995.5,99.2,10.0,2.8,54.0,70.0,6.1,18.8,17.5
0,31.56887,120.28857,1.0,9.7,41.2,1.9,1019.4,99.0,11.2,6.4,63.0,102.0,5.1,19.2,28.9
0,37.86944,112.56028,1.0,11.8,20.0,-12.5,1020.0,99.9,8.0,4.6,47.0,68.0,8.2,15.1,22.8
0,23.11667,113.25,1.5,7.3,55.0,8.0,1019.5,1.2,20.1,7.3,53.0,104.0,3.6,11.5,44.3
0,26.06139,119.30611,1.5,12.8,76.0,9.0,1022.0,0.4,14.0,4.7,42.0,68.0,2.6,7.4,48.4
0,29.87819,121.54945,0.5,8.7,50.0,3.0,1021.0,99.0,12.0,5.5,52.0,89.0,5.6,15.1,24.4
0,24.47979,118.08187,2.5,7.7,67.0,10.0,1021.0,2.9,16.0,4.7,47.0,80.0,2.6,3.2,53.9
0,23.01797,113.74866,3.6,7.3,55.0,10.0,1019.0,1.2,21.0,6.4,49.0,93.0,5.1,8.3,41.9
0,48.78232,9.17702,1.2,2.0,67.5,-0.5,1017.2,99.0,6.5,0.1,15.0,43.0,0.5,15.6,13.5
0,51.96236,7.62571,2.0,7.5,69.0,-4.7,1013.6,6.0,11.2,2.2,13.0,29.0,2.6,5.5,24.4
0,50.93333,6.95,4.0,8.5,69.0,3.0,1014.9,6.0,8.6,2.2,10.0,29.0,2.6,6.4,22.4
0,51.31667,9.5,4.6,1.8,57.0,1.0,1016.6,6.0,8.0,0.1,7.0,23.0,0.5,7.5,24.5
0,49.00937,8.40444,1.0,3.0,65.5,2.0,1017.4,99.0,9.1,0.1,11.0,34.0,0.7,10.1,11.8
0,49.98419,8.2791,2.0,2.0,61.0,0.0,1017.6,99.0,6.0,0.1,15.0,41.0,0.7,16.2,13.4
0,51.05089,13.73832,2.0,5.5,44.0,-7.0,1023.0,99.0,6.2,0.1,11.0,55.0,1.2,4.2,28.1
0,48.13743,11.57549,1.2,3.5,73.0,0.0,1018.7,99.0,5.0,0.1,12.0,23.0,0.6,10.1,15.9
0,52.52437,13.41053,6.8,11.0,48.8,-5.0,1020.0,99.0,6.5,0.1,12.0,38.0,1.6,7.4,26.0
0,51.22172,6.77616,5.9,7.4,64.0,4.5,1014.0,6.0,10.0,2.2,11.0,29.0,2.6,7.4,21.6
0,47.9959,7.85222,1.7,3.6,66.2,2.0,1017.4,99.0,7.3,0.1,9.0,30.0,0.7,6.9,27.3
0,50.08258,8.24932,2.0,1.8,69.7,0.0,1023.0,99.0,6.8,0.1,12.0,41.0,0.7,16.2,13.4
0,52.37052,9.73322,2.8,8.0,62.6,3.0,1015.6,6.0,10.0,0.1,11.0,23.0,0.5,4.6,24.5
0,48.37154,10.89851,2.5,4.5,67.5,0.0,1019.0,99.0,4.5,0.1,15.0,23.0,0.6,12.4,15.1
0,49.87167,8.65027,2.0,3.2,72.5,1.0,1018.0,99.0,6.8,0.1,8.0,21.0,0.5,9.6,10.3
0,52.39886,13.06566,3.8,5.2,46.6,-1.0,1020.9,99.0,6.6,0.1,10.0,37.0,1.7,4.6,29.4
0,53.55073,9.99302,5.6,13.2,58.5,3.0,1014.0,6.0,10.2,0.1,11.0,34.0,1.6,7.4,19.5
0,9.02497,38.74689,3.0,12.8,59.0,10.0,1025.0,0.2,18.0,7.0,45.0,80.0,3.0,1.0,30.0
0,40.64361,22.93086,1.0,3.5,51.5,3.5,1018.3,99.0,11.2,2.7,10.0,38.0,1.1,3.2,28.1
0,37.98376,23.72784,4.6,11.5,70.0,8.0,1012.0,99.0,13.5,0.1,22.0,61.0,3.1,11.0,30.5
0,-6.21462,106.84513,2.1,4.2,74.6,24.0,1010.9,0.1,27.2,4.0,41.0,112.0,2.0,4.1,10.0
0,63.43049,10.39506,3.0,10.0,80.0,5.0,995.9,99.0,3.0,0.1,4.0,9.0,0.2,3.3,29.1
0,59.91273,10.74609,3.8,8.2,93.0,5.0,978.9,99.0,4.4,0.1,8.0,23.0,0.2,2.9,23.7
0,58.97005,5.73332,16.0,23.5,91.0,3.5,996.8,99.0,7.2,0.1,10.0,36.0,0.2,1.8,29.1
0,60.39299,5.32415,8.4,17.6,93.0,5.0,994.0,99.0,6.0,0.1,8.0,22.0,0.2,1.6,29.1
0,59.32938,18.06871,6.1,11.8,70.0,-1.0,1010.5,0.3,5.0,2.2,20.0,21.0,0.7,4.1,31.7
0,57.70716,11.96679,1.8,8.7,89.6,1.5,1006.6,99.0,4.6,2.0,14.0,29.0,0.2,3.5,23.7
0,55.60587,13.00073,1.4,7.4,75.9,1.0,1011.9,99.0,6.4,2.0,11.0,38.0,0.2,3.7,27.2
0,59.85882,17.63889,3.0,9.8,71.1,-2.0,1011.8,0.3,4.7,2.2,7.0,12.0,0.7,8.1,31.7
0,13.68935,-89.18718,1.9,3.9,72.3,20.0,1019.6,0.5,25.2,1.4,38.0,60.0,0.4,105.2,13.3
0,-33.86785,151.20732,2.5,7.4,79.1,14.0,1019.6,0.9,17.5,2.3,13.0,12.0,1.5,2.8,13.6
0,-32.92953,151.7801,8.8,17.6,74.3,14.0,1020.2,0.9,19.9,2.3,17.0,15.0,2.9,1.9,13.6
0,-41.43876,147.13467,2.2,6.7,69.2,6.5,1023.6,99.2,13.8,0.4,3.0,9.0,0.2,3.8,10.4
0,-42.87936,147.32941,0.5,1.7,72.2,6.5,1023.2,99.2,12.7,0.4,3.0,5.0,0.2,3.8,10.4
0,-12.46113,130.84185,3.1,2.0,70.7,24.3,1008.3,537.0,30.0,1.9,11.0,10.0,0.3,0.3,6.6
0,-37.814,144.96332,3.0,8.0,74.3,10.0,1024.2,99.6,14.7,0.4,7.0,12.0,0.2,3.8,10.4
0,-35.28346,149.12807,2.4,6.0,63.6,6.0,1022.0,0.9,12.1,0.9,6.0,12.0,2.9,3.2,7.8
0,-34.92866,138.59863,3.0,8.5,54.3,5.2,1022.7,99.8,16.4,1.7,11.0,13.0,1.1,1.4,7.0
0,-27.46794,153.02809,2.9,11.8,63.5,15.0,1012.4,0.5,22.1,1.0,8.0,13.0,2.6,3.2,7.4
0,-31.95224,115.8614,3.4,5.0,84.6,19.6,1008.0,99.8,21.6,2.0,7.0,17.0,2.9,3.4,17.0
0,-34.424,150.89345,4.0,8.0,74.0,19.0,1022.1,0.9,16.2,1.2,12.0,15.0,2.9,1.0,15.2
0,5.35444,-4.00167,3.0,8.7,83.0,25.0,1009.5,99.5,28.0,0.1,12.0,65.0,2.1,1.9,33.8
0,50.08804,14.42076,4.0,9.0,47.3,-8.0,1022.1,99.0,3.5,0.1,18.0,55.0,0.7,6.7,28.2
0,49.83465,18.28204,2.0,4.5,45.0,-6.7,1006.0,0.2,2.5,4.6,38.0,127.0,5.3,8.4,21.3
0,49.19522,16.60796,5.0,13.8,51.0,-7.5,1009.7,99.6,3.0,0.1,14.0,50.0,0.7,6.4,27.2
0,49.74747,13.37759,3.0,7.3,42.4,-6.7,978.6,99.4,4.4,0.1,11.0,38.0,3.1,4.2,22.1
0,49.59552,17.25175,1.3,3.3,56.0,-7.5,1026.6,99.6,1.8,0.1,13.0,46.0,2.2,5.4,24.4
0,44.49381,11.33875,1.8,4.6,67.5,3.0,1023.7,99.2,7.2,0.1,10.0,30.0,0.7,9.2,24.4
0,43.54427,10.32615,4.6,6.7,44.5,3.0,1020.6,99.2,12.6,0.1,9.0,30.0,0.7,5.1,29.7
0,45.64953,13.77678,5.2,12.0,20.0,-6.3,1023.0,0.2,9.6,0.1,9.0,30.0,0.1,1.2,40.9
0,44.64783,10.92539,2.0,3.0,53.4,3.0,1019.7,99.2,8.3,0.1,14.0,42.0,0.7,10.6,30.5
0,43.8805,11.09699,6.4,13.5,51.2,5.7,1022.1,99.2,10.8,0.1,9.0,25.0,0.7,4.6,24.4
0,43.77925,11.24626,5.2,14.8,59.8,5.7,1017.3,99.2,11.2,0.1,8.0,25.0,0.7,3.7,24.4
0,40.85216,14.26811,3.8,13.8,48.8,4.9,1017.5,99.4,12.5,3.7,17.0,48.0,1.2,3.0,25.2
0,41.89193,12.51133,3.0,7.0,71.3,8.0,1015.4,99.4,13.0,0.1,15.0,42.0,0.2,6.0,22.4
0,45.07049,7.68682,1.0,3.0,66.2,3.5,1022.5,4.0,9.4,0.1,15.0,57.0,0.6,8.6,13.6
0,45.46427,9.18951,1.2,1.5,75.1,4.0,1022.8,4.0,8.7,0.1,20.0,65.0,2.1,23.4,33.3
0,45.53558,10.21472,1.2,2.2,70.3,4.0,1012.9,4.0,6.7,0.1,10.0,46.0,0.6,10.6,35.0
0,44.79935,10.32618,2.3,4.2,66.8,3.0,1022.6,99.2,8.5,0.1,15.0,42.0,5.1,8.7,29.7
0,22.20056,113.54611,5.4,7.3,68.0,14.5,1019.0,1.2,20.0,6.3,53.0,97.0,1.1,13.0,28.8
0,46.47747,30.73262,6.1,13.8,99.9,-10.0,1025.0,99.5,5.8,16.5,3.0,6.0,2.1,2.8,29.8
0,49.55342,25.58918,0.5,12.8,25.0,-13.0,1029.0,99.8,-2.0,0.1,4.0,8.0,3.5,3.1,30.1
0,50.45466,30.5238,2.5,8.4,65.0,-10.0,1025.0,99.5,1.0,16.5,4.0,8.0,2.1,2.8,29.8
0,48.51134,34.6021,6.1,14.4,44.5,-8.1,1012.9,99.1,3.2,16.5,4.0,6.0,2.1,2.8,29.8
0,48.4593,35.03865,6.1,14.4,54.9,-8.0,1012.6,99.1,2.2,16.5,4.0,9.0,2.1,2.8,29.8
0,47.82289,35.19031,4.1,11.8,89.9,-7.0,1021.0,99.1,2.4,16.5,5.0,9.0,2.1,2.8,29.8
0,49.83826,24.02324,1.5,1.6,99.9,-8.5,950.0,99.8,-0.7,0.1,11.0,21.0,3.5,3.1,30.1
0,47.90966,33.38044,3.0,12.8,60.5,-9.6,1028.0,99.1,3.0,16.5,5.0,11.0,2.1,2.8,29.8
0,48.9215,24.70972,0.5,12.8,61.2,-12.0,1030.0,99.8,1.4,0.1,9.0,14.0,3.5,3.1,30.1
